{"cameraMode":{"drawMode":0,"name":"Shaded","section":"Shading Mode"},"sceneLighting":false,"audioPlay":false,"sceneViewState":{"showFog":true,"showMaterialUpdate":false,"showSkybox":false,"showFlares":true,"showImageEffects":true,"showParticleSystems":true},"in2DMode":false,"pivot":{"x":482.9999694824219,"y":271.5,"z":-29.084135055541993},"rotation":{"x":0.005321568809449673,"y":0.9660651683807373,"z":0.020315196365118028,"w":-0.2577250599861145},"size":1831.52099609375,"orthographic":false}