{"cameraMode":{"drawMode":0,"name":"Shaded","section":"Shading Mode"},"sceneLighting":false,"audioPlay":false,"sceneViewState":{"showFog":true,"showMaterialUpdate":false,"showSkybox":false,"showFlares":true,"showImageEffects":true,"showParticleSystems":true},"in2DMode":false,"pivot":{"x":-0.3296591341495514,"y":6.116088390350342,"z":-7.643493175506592},"rotation":{"x":-0.003969273064285517,"y":0.9952738285064697,"z":-0.04631367325782776,"w":-0.08530380576848984},"size":21.664064407348634,"orthographic":false}