{"cameraMode":{"drawMode":0,"name":"Shaded","section":"Shading Mode"},"sceneLighting":false,"audioPlay":false,"sceneViewState":{"showFog":true,"showMaterialUpdate":false,"showSkybox":false,"showFlares":true,"showImageEffects":true,"showParticleSystems":true},"in2DMode":false,"pivot":{"x":613.5001831054688,"y":315.5000305175781,"z":-38.8610725402832},"rotation":{"x":0.04882771521806717,"y":-0.8302872180938721,"z":0.07367294281721115,"w":0.5502843856811523},"size":2280.1845703125,"orthographic":false}