{"cameraMode":{"drawMode":0,"name":"Shaded","section":"Shading Mode"},"sceneLighting":false,"audioPlay":false,"sceneViewState":{"showFog":true,"showMaterialUpdate":false,"showSkybox":false,"showFlares":true,"showImageEffects":true,"showParticleSystems":true},"in2DMode":false,"pivot":{"x":7.681144714355469,"y":1.751558542251587,"z":-19.86111068725586},"rotation":{"x":0.07331238687038422,"y":0.6111742854118347,"z":-0.057003531605005267,"w":0.7860299348831177},"size":12.497808456420899,"orthographic":false}