{"cameraMode":{"drawMode":0,"name":"Shaded","section":"Shading Mode"},"sceneLighting":false,"audioPlay":false,"sceneViewState":{"showFog":true,"showMaterialUpdate":false,"showSkybox":false,"showFlares":true,"showImageEffects":true,"showParticleSystems":true},"in2DMode":false,"pivot":{"x":-0.00909423828125,"y":-0.0144805908203125,"z":-0.02685546875},"rotation":{"x":0.022876670584082605,"y":-0.6622450947761536,"z":-0.020323507487773896,"w":-0.7487817406654358},"size":0.43135884404182436,"orthographic":true}