{"cameraMode":{"drawMode":0,"name":"Shaded","section":"Shading Mode"},"sceneLighting":false,"audioPlay":false,"sceneViewState":{"showFog":true,"showMaterialUpdate":false,"showSkybox":false,"showFlares":true,"showImageEffects":true,"showParticleSystems":true},"in2DMode":false,"pivot":{"x":-0.0012837648391723633,"y":0.013650568202137947,"z":0.0},"rotation":{"x":-0.05181419476866722,"y":-0.05175163596868515,"z":0.002611828502267599,"w":-0.9974167943000794},"size":0.29978013038635256,"orthographic":true}